{"cameraMode":{"drawMode":0,"name":"Shaded","section":"Shading Mode"},"sceneLighting":false,"audioPlay":false,"sceneViewState":{"m_AlwaysRefresh":false,"showFog":true,"showSkybox":false,"showFlares":true,"showImageEffects":true,"showParticleSystems":true,"showVisualEffectGraphs":true,"m_FxEnabled":true},"in2DMode":false,"pivot":{"x":-0.12882685661315919,"y":-0.0021457672119140627,"z":4.772206783294678},"rotation":{"x":-0.2393198013305664,"y":0.03345873951911926,"z":-0.008256004191935063,"w":-0.970341682434082},"size":7.654566287994385,"orthographic":false}