{"cameraMode":{"drawMode":0,"name":"Shaded","section":"Shading Mode"},"sceneLighting":false,"audioPlay":false,"sceneViewState":{"m_AlwaysRefresh":false,"showFog":true,"showSkybox":false,"showFlares":true,"showImageEffects":true,"showParticleSystems":true,"showVisualEffectGraphs":true,"m_FxEnabled":true},"in2DMode":false,"pivot":{"x":1.4103621244430543,"y":7.51687479019165,"z":0.42949676513671877},"rotation":{"x":-0.19692397117614747,"y":0.029683943837881089,"z":-0.005961289629340172,"w":-0.9799618721008301},"size":6.161218643188477,"orthographic":false}