{"cameraMode":{"drawMode":0,"name":"Shaded","section":"Shading Mode"},"sceneLighting":false,"audioPlay":false,"sceneViewState":{"showFog":true,"showMaterialUpdate":false,"showSkybox":false,"showFlares":true,"showImageEffects":true,"showParticleSystems":true},"in2DMode":false,"pivot":{"x":-0.43542909622192385,"y":0.9519999027252197,"z":4.700007438659668},"rotation":{"x":-0.020220227539539338,"y":0.9126883745193481,"z":-0.04549877345561981,"w":-0.40561190247535708},"size":18.079248428344728,"orthographic":false}