{"cameraMode":{"drawMode":0,"name":"Shaded","section":"Shading Mode"},"sceneLighting":false,"audioPlay":false,"sceneViewState":{"showFog":true,"showMaterialUpdate":false,"showSkybox":false,"showFlares":true,"showImageEffects":true,"showParticleSystems":true},"in2DMode":false,"pivot":{"x":1.4038021564483643,"y":1.7218447923660279,"z":2.5791842937469484},"rotation":{"x":-0.06414752453565598,"y":0.904420018196106,"z":-0.14670707285404206,"w":-0.3954574167728424},"size":0.1830502152442932,"orthographic":false}