{"cameraMode":{"drawMode":0,"name":"Shaded","section":"Shading Mode"},"sceneLighting":false,"audioPlay":false,"sceneViewState":{"showFog":true,"showMaterialUpdate":false,"showSkybox":false,"showFlares":true,"showImageEffects":true,"showParticleSystems":true},"in2DMode":false,"pivot":{"x":0.0,"y":0.007346153259277344,"z":0.048153843730688098},"rotation":{"x":0.005132291931658983,"y":0.9787093997001648,"z":0.024657947942614557,"w":-0.20369978249073029},"size":0.13483600318431855,"orthographic":false}