{"cameraMode":{"drawMode":0,"name":"Shaded","section":"Shading Mode"},"sceneLighting":false,"audioPlay":false,"sceneViewState":{"showFog":true,"showMaterialUpdate":false,"showSkybox":false,"showFlares":true,"showImageEffects":true,"showParticleSystems":true},"in2DMode":false,"pivot":{"x":-7.8672990798950199,"y":-11.57739543914795,"z":19.615901947021486},"rotation":{"x":-0.2864834666252136,"y":0.3332519829273224,"z":-0.10704773664474487,"w":-0.8918582797050476},"size":42.890567779541019,"orthographic":false}