{"cameraMode":{"drawMode":0,"name":"Shaded","section":"Shading Mode"},"sceneLighting":false,"audioPlay":false,"sceneViewState":{"showFog":true,"showMaterialUpdate":false,"showSkybox":false,"showFlares":true,"showImageEffects":true,"showParticleSystems":true},"in2DMode":false,"pivot":{"x":132.37289428710938,"y":-94.11771392822266,"z":45.610313415527347},"rotation":{"x":-0.23480425775051118,"y":-0.5619431138038635,"z":0.17033372819423676,"w":-0.7746440172195435},"size":184.7157440185547,"orthographic":false}