{"cameraMode":{"drawMode":0,"name":"Shaded","section":"Shading Mode"},"sceneLighting":false,"audioPlay":false,"sceneViewState":{"showFog":true,"showMaterialUpdate":false,"showSkybox":true,"showFlares":true,"showImageEffects":true,"showParticleSystems":true},"in2DMode":false,"pivot":{"x":-0.661228597164154,"y":0.5129992961883545,"z":-4.045403957366943},"rotation":{"x":-0.0033844492863863708,"y":0.9965829253196716,"z":-0.054181840270757678,"w":-0.062252555042505267},"size":8.134971618652344,"orthographic":false}