{"cameraMode":{"drawMode":0,"name":"Shaded","section":"Shading Mode"},"sceneLighting":false,"audioPlay":false,"sceneViewState":{"showFog":true,"showMaterialUpdate":false,"showSkybox":false,"showFlares":true,"showImageEffects":true,"showParticleSystems":true},"in2DMode":false,"pivot":{"x":1.0686769485473633,"y":0.6319060325622559,"z":0.2640876770019531},"rotation":{"x":-0.1887367069721222,"y":0.2564723491668701,"z":-0.05113821476697922,"w":-0.9465649724006653},"size":14.192654609680176,"orthographic":false}