{"cameraMode":{"drawMode":0,"name":"Shaded","section":"Shading Mode"},"sceneLighting":true,"audioPlay":false,"sceneViewState":{"showFog":true,"showMaterialUpdate":false,"showSkybox":true,"showFlares":true,"showImageEffects":true,"showParticleSystems":true},"in2DMode":false,"pivot":{"x":-5.873291492462158,"y":-8.810590744018555,"z":9.720478057861329},"rotation":{"x":0.36074551939964297,"y":-0.3577498495578766,"z":0.15223132073879243,"w":0.84776371717453},"size":56.97044372558594,"orthographic":false}