{"cameraMode":{"drawMode":0,"name":"Shaded","section":"Shading Mode"},"sceneLighting":false,"audioPlay":false,"sceneViewState":{"showFog":true,"showMaterialUpdate":false,"showSkybox":false,"showFlares":true,"showImageEffects":true,"showParticleSystems":true},"in2DMode":false,"pivot":{"x":0.06040322780609131,"y":0.1740763783454895,"z":0.747491717338562},"rotation":{"x":-0.06342938542366028,"y":0.9101480841636658,"z":-0.1518421769142151,"w":-0.38019877672195437},"size":3.934654474258423,"orthographic":false}