{"cameraMode":{"drawMode":0,"name":"Shaded","section":"Shading Mode"},"sceneLighting":false,"audioPlay":false,"sceneViewState":{"showFog":true,"showMaterialUpdate":false,"showSkybox":false,"showFlares":true,"showImageEffects":true,"showParticleSystems":true},"in2DMode":false,"pivot":{"x":0.47997575998306277,"y":1.9574291706085206,"z":-0.29864370822906496},"rotation":{"x":-0.004817598965018988,"y":0.9110569953918457,"z":0.010649647563695908,"w":0.41211479902267458},"size":1.0439200401306153,"orthographic":false}