{"cameraMode":{"drawMode":0,"name":"Shaded","section":"Shading Mode"},"sceneLighting":false,"audioPlay":false,"sceneViewState":{"showFog":true,"showMaterialUpdate":false,"showSkybox":false,"showFlares":true,"showImageEffects":true,"showParticleSystems":true},"in2DMode":false,"pivot":{"x":-0.1328803300857544,"y":-1.4882043600082398,"z":-8.782698631286621},"rotation":{"x":0.0010404624044895173,"y":-0.9910306334495544,"z":0.13340790569782258,"w":0.007718613371253014},"size":14.692544937133789,"orthographic":false}