{"cameraMode":{"drawMode":0,"name":"Shaded","section":"Shading Mode"},"sceneLighting":false,"audioPlay":false,"sceneViewState":{"showFog":true,"showMaterialUpdate":false,"showSkybox":false,"showFlares":true,"showImageEffects":true,"showParticleSystems":true},"in2DMode":false,"pivot":{"x":0.5046662092208862,"y":-0.07935118675231934,"z":-3.3604660034179689},"rotation":{"x":0.012063249945640564,"y":0.986650824546814,"z":-0.13734197616577149,"w":0.08667081594467163},"size":5.287658214569092,"orthographic":false}