{"cameraMode":{"drawMode":0,"name":"Shaded","section":"Shading Mode"},"sceneLighting":false,"audioPlay":false,"sceneViewState":{"showFog":true,"showMaterialUpdate":false,"showSkybox":false,"showFlares":true,"showImageEffects":true,"showParticleSystems":true},"in2DMode":false,"pivot":{"x":0.9729959964752197,"y":-0.03166818618774414,"z":-1.865274429321289},"rotation":{"x":0.05513477697968483,"y":0.9439168572425842,"z":-0.2074277102947235,"w":0.2509081959724426},"size":2.9379096031188967,"orthographic":false}