{"cameraMode":{"drawMode":0,"name":"Shaded","section":"Shading Mode"},"sceneLighting":false,"audioPlay":false,"sceneViewState":{"showFog":true,"showMaterialUpdate":false,"showSkybox":false,"showFlares":true,"showImageEffects":true,"showParticleSystems":true},"in2DMode":false,"pivot":{"x":3.926105499267578,"y":4.387599945068359,"z":12.799762725830079},"rotation":{"x":-0.025858253240585328,"y":0.9733463525772095,"z":-0.1399560570716858,"w":-0.1798347383737564},"size":-9.744497299194336,"orthographic":false}