{"cameraMode":{"drawMode":0,"name":"Shaded","section":"Shading Mode"},"sceneLighting":false,"audioPlay":false,"sceneViewState":{"showFog":true,"showMaterialUpdate":false,"showSkybox":false,"showFlares":true,"showImageEffects":true,"showParticleSystems":true},"in2DMode":false,"pivot":{"x":2.7939651012420656,"y":0.07187561690807343,"z":2.0982537269592287},"rotation":{"x":0.0222527626901865,"y":0.9032221436500549,"z":0.0471821054816246,"w":-0.4259911775588989},"size":0.6346548795700073,"orthographic":false}