{"cameraMode":{"drawMode":0,"name":"Shaded","section":"Shading Mode"},"sceneLighting":false,"audioPlay":false,"sceneViewState":{"showFog":true,"showMaterialUpdate":false,"showSkybox":false,"showFlares":true,"showImageEffects":true,"showParticleSystems":true},"in2DMode":false,"pivot":{"x":-1.0180201530456544,"y":-0.4061746597290039,"z":5.508310794830322},"rotation":{"x":0.21314342319965363,"y":-0.6345577836036682,"z":0.18819642066955567,"w":0.7186713218688965},"size":10.327327728271485,"orthographic":false}