{"cameraMode":{"drawMode":0,"name":"Shaded","section":"Shading Mode"},"sceneLighting":false,"audioPlay":false,"sceneViewState":{"showFog":true,"showMaterialUpdate":false,"showSkybox":false,"showFlares":true,"showImageEffects":true,"showParticleSystems":true},"in2DMode":false,"pivot":{"x":5.682623386383057,"y":3.52408504486084,"z":4.3925557136535648},"rotation":{"x":-0.15526562929153443,"y":0.24125702679157258,"z":-0.03913552686572075,"w":-0.9571604132652283},"size":1.1740612983703614,"orthographic":false}