{"cameraMode":{"drawMode":0,"name":"Shaded","section":"Shading Mode"},"sceneLighting":false,"audioPlay":false,"sceneViewState":{"showFog":true,"showMaterialUpdate":false,"showSkybox":false,"showFlares":true,"showImageEffects":true,"showParticleSystems":true},"in2DMode":false,"pivot":{"x":1.2900571823120118,"y":-4.84065055847168,"z":-23.381778717041017},"rotation":{"x":-0.0004459635529201478,"y":0.9969194531440735,"z":-0.0782284364104271,"w":-0.0056816996075212959},"size":20.27435874938965,"orthographic":false}