{"cameraMode":{"drawMode":0,"name":"Shaded","section":"Shading Mode"},"sceneLighting":false,"audioPlay":false,"sceneViewState":{"showFog":true,"showMaterialUpdate":false,"showSkybox":false,"showFlares":true,"showImageEffects":true,"showParticleSystems":true},"in2DMode":false,"pivot":{"x":4.381890296936035,"y":-3.8685216903686525,"z":-7.87449836730957},"rotation":{"x":0.0270216166973114,"y":0.9728670120239258,"z":-0.16981440782546998,"w":0.1548062115907669},"size":21.112092971801759,"orthographic":false}