{"cameraMode":{"drawMode":0,"name":"Shaded","section":"Shading Mode"},"sceneLighting":false,"audioPlay":false,"sceneViewState":{"showFog":true,"showMaterialUpdate":false,"showSkybox":false,"showFlares":true,"showImageEffects":true,"showParticleSystems":true},"in2DMode":false,"pivot":{"x":34.937477111816409,"y":38.92797088623047,"z":135.7166748046875},"rotation":{"x":-0.0029547547455877067,"y":0.9842911958694458,"z":-0.016546912491321565,"w":-0.17575658857822419},"size":22.489049911499025,"orthographic":false}