{"cameraMode":{"drawMode":0,"name":"Shaded","section":"Shading Mode"},"sceneLighting":false,"audioPlay":false,"sceneViewState":{"showFog":true,"showMaterialUpdate":false,"showSkybox":false,"showFlares":true,"showImageEffects":true,"showParticleSystems":true},"in2DMode":false,"pivot":{"x":-0.005573749542236328,"y":0.03603741526603699,"z":0.006738424301147461},"rotation":{"x":0.07926308363676071,"y":-0.7144086956977844,"z":0.0820203498005867,"w":0.6903753876686096},"size":1.3024146556854249,"orthographic":false}