{"cameraMode":{"drawMode":0,"name":"Shaded","section":"Shading Mode"},"sceneLighting":false,"audioPlay":false,"sceneViewState":{"showFog":true,"showMaterialUpdate":true,"showSkybox":true,"showFlares":true,"showImageEffects":true,"showParticleSystems":true},"in2DMode":false,"pivot":{"x":-0.14300000667572022,"y":1.0269999504089356,"z":2.8065345287323},"rotation":{"x":0.10737328976392746,"y":-0.726854145526886,"z":0.11678044497966767,"w":0.6682569980621338},"size":5.820425033569336,"orthographic":false}