{"cameraMode":{"drawMode":0,"name":"Shaded","section":"Shading Mode"},"sceneLighting":false,"audioPlay":false,"sceneViewState":{"showFog":true,"showMaterialUpdate":false,"showSkybox":false,"showFlares":true,"showImageEffects":true,"showParticleSystems":true},"in2DMode":false,"pivot":{"x":-2.450819253921509,"y":0.27584075927734377,"z":10.422979354858399},"rotation":{"x":-0.09318096190690994,"y":0.24586904048919679,"z":-0.023752933368086816,"w":-0.9645230174064636},"size":13.245649337768555,"orthographic":false}