{"cameraMode":{"drawMode":0,"name":"Shaded","section":"Shading Mode"},"sceneLighting":false,"audioPlay":false,"sceneViewState":{"showFog":true,"showMaterialUpdate":false,"showSkybox":false,"showFlares":true,"showImageEffects":true,"showParticleSystems":true},"in2DMode":false,"pivot":{"x":-6.294078826904297,"y":-1.6196706295013428,"z":0.9151701331138611},"rotation":{"x":-0.11779297888278961,"y":0.6949869394302368,"z":-0.11701776087284088,"w":-0.6995908617973328},"size":6.936624050140381,"orthographic":false}