{"cameraMode":{"drawMode":0,"name":"Shaded","section":"Shading Mode"},"sceneLighting":false,"audioPlay":false,"sceneViewState":{"showFog":true,"showMaterialUpdate":false,"showSkybox":false,"showFlares":true,"showImageEffects":true,"showParticleSystems":true},"in2DMode":false,"pivot":{"x":-3.085293769836426,"y":-3.408506393432617,"z":1.6380438804626465},"rotation":{"x":-0.2457023411989212,"y":0.731511116027832,"z":-0.33090177178382876,"w":-0.5431647896766663},"size":9.790072441101075,"orthographic":false}