{"cameraMode":{"drawMode":0,"name":"Shaded","section":"Shading Mode"},"sceneLighting":false,"audioPlay":false,"sceneViewState":{"showFog":true,"showMaterialUpdate":false,"showSkybox":false,"showFlares":true,"showImageEffects":true,"showParticleSystems":true},"in2DMode":false,"pivot":{"x":2.4220123291015627,"y":1.9284443855285645,"z":8.899290084838868},"rotation":{"x":-0.09764213860034943,"y":-0.015512836165726185,"z":0.0015227304538711906,"w":-0.9951033592224121},"size":13.755162239074707,"orthographic":false}