{"cameraMode":{"drawMode":0,"name":"Shaded","section":"Shading Mode"},"sceneLighting":false,"audioPlay":false,"sceneViewState":{"showFog":true,"showMaterialUpdate":false,"showSkybox":false,"showFlares":true,"showImageEffects":true,"showParticleSystems":true},"in2DMode":false,"pivot":{"x":-0.4002103805541992,"y":-2.3437271118164064,"z":15.595080375671387},"rotation":{"x":0.10660649836063385,"y":0.0029785726219415666,"z":-0.00031921014306135476,"w":0.9943001866340637},"size":14.168624877929688,"orthographic":false}