{"cameraMode":{"drawMode":0,"name":"Shaded","section":"Shading Mode"},"sceneLighting":false,"audioPlay":false,"sceneViewState":{"showFog":true,"showMaterialUpdate":false,"showSkybox":false,"showFlares":true,"showImageEffects":true,"showParticleSystems":true},"in2DMode":false,"pivot":{"x":-0.032344818115234378,"y":2.7781624794006349,"z":-0.0876779556274414},"rotation":{"x":-0.0029547547455877067,"y":0.9842911958694458,"z":-0.016546912491321565,"w":-0.17575658857822419},"size":6.300018310546875,"orthographic":false}