{"cameraMode":{"drawMode":0,"name":"Shaded","section":"Shading Mode"},"sceneLighting":false,"audioPlay":false,"sceneViewState":{"showFog":true,"showMaterialUpdate":false,"showSkybox":false,"showFlares":true,"showImageEffects":true,"showParticleSystems":true},"in2DMode":false,"pivot":{"x":-0.42662930488586428,"y":0.7902283668518066,"z":-1.3392367362976075},"rotation":{"x":-0.0029547547455877067,"y":0.9842911958694458,"z":-0.016546912491321565,"w":-0.17575658857822419},"size":2.931248664855957,"orthographic":false}