{"cameraMode":{"drawMode":0,"name":"Shaded","section":"Shading Mode"},"sceneLighting":false,"audioPlay":false,"sceneViewState":{"showFog":true,"showMaterialUpdate":false,"showSkybox":false,"showFlares":true,"showImageEffects":true,"showParticleSystems":true},"in2DMode":false,"pivot":{"x":2.856203317642212,"y":0.03689706325531006,"z":3.146604299545288},"rotation":{"x":-0.11646239459514618,"y":-0.2830919921398163,"z":0.03465527668595314,"w":-0.9513716697692871},"size":4.84297513961792,"orthographic":false}