{"cameraMode":{"drawMode":0,"name":"Shaded","section":"Shading Mode"},"sceneLighting":false,"audioPlay":false,"sceneViewState":{"showFog":true,"showMaterialUpdate":false,"showSkybox":false,"showFlares":true,"showImageEffects":true,"showParticleSystems":true},"in2DMode":false,"pivot":{"x":-0.0796162337064743,"y":0.9755727648735046,"z":-0.34065985679626467},"rotation":{"x":-0.0031201220117509367,"y":-0.9860112071037293,"z":0.16570398211479188,"w":-0.0185980424284935},"size":3.3000171184539797,"orthographic":false}