{"cameraMode":{"drawMode":0,"name":"Shaded","section":"Shading Mode"},"sceneLighting":false,"audioPlay":false,"sceneViewState":{"showFog":true,"showMaterialUpdate":false,"showSkybox":false,"showFlares":true,"showImageEffects":true,"showParticleSystems":true},"in2DMode":false,"pivot":{"x":-0.32934725284576418,"y":2.0863144397735597,"z":1.1619919538497925},"rotation":{"x":0.015858270227909089,"y":0.9205628633499146,"z":-0.3884587287902832,"w":0.037580687552690509},"size":0.11832195520401001,"orthographic":false}