{"cameraMode":{"drawMode":0,"name":"Shaded","section":"Shading Mode"},"sceneLighting":false,"audioPlay":false,"sceneViewState":{"showFog":true,"showMaterialUpdate":false,"showSkybox":false,"showFlares":true,"showImageEffects":true,"showParticleSystems":true},"in2DMode":false,"pivot":{"x":-1.722234845161438,"y":1.0678858757019044,"z":-7.024897575378418},"rotation":{"x":-0.002486834768205881,"y":0.9954755306243897,"z":-0.027192862704396249,"w":-0.09103940427303314},"size":4.480752468109131,"orthographic":false}