{"cameraMode":{"drawMode":0,"name":"Shaded","section":"Shading Mode"},"sceneLighting":false,"audioPlay":false,"sceneViewState":{"showFog":true,"showMaterialUpdate":false,"showSkybox":false,"showFlares":true,"showImageEffects":true,"showParticleSystems":true},"in2DMode":false,"pivot":{"x":-1.7040421962738038,"y":-2.435554027557373,"z":-17.46550750732422},"rotation":{"x":0.0059739770367741589,"y":-0.9921579360961914,"z":0.1135985404253006,"w":0.05217404663562775},"size":13.312456130981446,"orthographic":false}