{"cameraMode":{"drawMode":0,"name":"Shaded","section":"Shading Mode"},"sceneLighting":false,"audioPlay":false,"sceneViewState":{"showFog":true,"showMaterialUpdate":false,"showSkybox":false,"showFlares":true,"showImageEffects":true,"showParticleSystems":true},"in2DMode":false,"pivot":{"x":-2.1216936111450197,"y":1.5206103324890137,"z":0.008056402206420899},"rotation":{"x":-0.39151322841644289,"y":-0.011872421018779278,"z":0.005051956977695227,"w":-0.9200848937034607},"size":2.3760156631469728,"orthographic":false}