{"cameraMode":{"drawMode":0,"name":"Shaded","section":"Shading Mode"},"sceneLighting":false,"audioPlay":false,"sceneViewState":{"showFog":true,"showMaterialUpdate":false,"showSkybox":false,"showFlares":true,"showImageEffects":true,"showParticleSystems":true},"in2DMode":false,"pivot":{"x":-0.7777419090270996,"y":-2.3915483951568605,"z":-8.290511131286621},"rotation":{"x":-0.002990669570863247,"y":0.9859728217124939,"z":-0.1660122126340866,"w":-0.017762957140803338},"size":5.520596981048584,"orthographic":false}