{"cameraMode":{"drawMode":0,"name":"Shaded","section":"Shading Mode"},"sceneLighting":false,"audioPlay":false,"sceneViewState":{"showFog":true,"showMaterialUpdate":false,"showSkybox":false,"showFlares":true,"showImageEffects":true,"showParticleSystems":true},"in2DMode":false,"pivot":{"x":-0.255621999502182,"y":-0.4764171838760376,"z":-0.6767208576202393},"rotation":{"x":-0.02264023758471012,"y":0.9691651463508606,"z":-0.22519612312316895,"w":-0.09743563085794449},"size":1.6417958736419678,"orthographic":false}