{"cameraMode":{"drawMode":0,"name":"Shaded","section":"Shading Mode"},"sceneLighting":false,"audioPlay":false,"sceneViewState":{"showFog":true,"showMaterialUpdate":false,"showSkybox":false,"showFlares":true,"showImageEffects":true,"showParticleSystems":true},"in2DMode":false,"pivot":{"x":-1.1983622312545777,"y":-3.531001567840576,"z":6.893634796142578},"rotation":{"x":0.33086562156677248,"y":-0.038110531866550449,"z":0.013367070816457272,"w":0.942838191986084},"size":7.280318737030029,"orthographic":false}