{"cameraMode":{"drawMode":0,"name":"Shaded","section":"Shading Mode"},"sceneLighting":false,"audioPlay":false,"sceneViewState":{"showFog":true,"showMaterialUpdate":false,"showSkybox":false,"showFlares":true,"showImageEffects":true,"showParticleSystems":true},"in2DMode":false,"pivot":{"x":-0.10215970873832703,"y":0.3673095107078552,"z":-0.13098740577697755},"rotation":{"x":-0.0031201220117509367,"y":-0.9860112071037293,"z":0.16570398211479188,"w":-0.0185980424284935},"size":2.1000173091888429,"orthographic":false}