{"cameraMode":{"drawMode":0,"name":"Shaded","section":"Shading Mode"},"sceneLighting":false,"audioPlay":false,"sceneViewState":{"showFog":true,"showMaterialUpdate":false,"showSkybox":false,"showFlares":true,"showImageEffects":true,"showParticleSystems":true},"in2DMode":false,"pivot":{"x":0.0922996997833252,"y":2.8989996910095217,"z":7.6560893058776859},"rotation":{"x":0.0015742768300697208,"y":-0.996710479259491,"z":0.019745726138353349,"w":0.07882555574178696},"size":13.325398445129395,"orthographic":false}