{"cameraMode":{"drawMode":0,"name":"Shaded","section":"Shading Mode"},"sceneLighting":false,"audioPlay":false,"sceneViewState":{"showFog":true,"showMaterialUpdate":true,"showSkybox":true,"showFlares":true,"showImageEffects":true,"showParticleSystems":true},"in2DMode":false,"pivot":{"x":-0.139073446393013,"y":1.8109121322631837,"z":-3.616490602493286},"rotation":{"x":0.0001681154390098527,"y":0.9997331500053406,"z":0.023689040914177896,"w":-0.00632832758128643},"size":3.7795753479003908,"orthographic":false}