{"cameraMode":{"drawMode":0,"name":"Shaded","section":"Shading Mode"},"sceneLighting":false,"audioPlay":false,"sceneViewState":{"showFog":true,"showMaterialUpdate":false,"showSkybox":false,"showFlares":true,"showImageEffects":true,"showParticleSystems":true},"in2DMode":false,"pivot":{"x":0.2252737432718277,"y":1.9983359575271607,"z":1.1290203332901},"rotation":{"x":-0.013165399432182312,"y":0.9853519201278687,"z":-0.14438854157924653,"w":-0.0898328498005867},"size":0.07872843742370606,"orthographic":false}