{"cameraMode":{"drawMode":0,"name":"Shaded","section":"Shading Mode"},"sceneLighting":false,"audioPlay":false,"sceneViewState":{"showFog":true,"showMaterialUpdate":false,"showSkybox":false,"showFlares":true,"showImageEffects":true,"showParticleSystems":true},"in2DMode":false,"pivot":{"x":-0.9711257219314575,"y":-0.06148886680603027,"z":-5.558134078979492},"rotation":{"x":-0.0030226456001400949,"y":0.9966005086898804,"z":-0.07037672400474549,"w":-0.042797744274139407},"size":3.900017023086548,"orthographic":false}