{"cameraMode":{"drawMode":0,"name":"Shaded","section":"Shading Mode"},"sceneLighting":false,"audioPlay":false,"sceneViewState":{"showFog":true,"showMaterialUpdate":false,"showSkybox":false,"showFlares":true,"showImageEffects":true,"showParticleSystems":true},"in2DMode":false,"pivot":{"x":-0.4511750638484955,"y":-1.4386742115020753,"z":-3.865234375},"rotation":{"x":0.008188747800886631,"y":-0.9825140833854675,"z":0.1806250959634781,"w":0.044529519975185397},"size":2.825181007385254,"orthographic":false}