{"cameraMode":{"drawMode":0,"name":"Shaded","section":"Shading Mode"},"sceneLighting":false,"audioPlay":false,"sceneViewState":{"showFog":true,"showMaterialUpdate":false,"showSkybox":false,"showFlares":true,"showImageEffects":true,"showParticleSystems":true},"in2DMode":false,"pivot":{"x":6.559499263763428,"y":1.5171103477478028,"z":-0.0645151138305664},"rotation":{"x":0.13831427693367005,"y":-0.41510242223739626,"z":0.0640091821551323,"w":0.8969449996948242},"size":3.6000170707702638,"orthographic":false}