{"cameraMode":{"drawMode":0,"name":"Shaded","section":"Shading Mode"},"sceneLighting":false,"audioPlay":false,"sceneViewState":{"showFog":true,"showMaterialUpdate":true,"showSkybox":true,"showFlares":true,"showImageEffects":true,"showParticleSystems":true},"in2DMode":false,"pivot":{"x":-1.1344914436340333,"y":-0.12263369560241699,"z":0.5018504858016968},"rotation":{"x":0.10737328976392746,"y":-0.726854145526886,"z":0.11678044497966767,"w":0.6682569980621338},"size":1.8761684894561768,"orthographic":false}