{"cameraMode":{"drawMode":0,"name":"Shaded","section":"Shading Mode"},"sceneLighting":false,"audioPlay":false,"sceneViewState":{"showFog":true,"showMaterialUpdate":false,"showSkybox":false,"showFlares":true,"showImageEffects":true,"showParticleSystems":true},"in2DMode":false,"pivot":{"x":-0.3831477165222168,"y":-3.77777099609375,"z":-0.09372997283935547},"rotation":{"x":-0.041881874203681949,"y":0.9537408351898193,"z":-0.2519899904727936,"w":-0.15851636230945588},"size":7.439899921417236,"orthographic":false}