{"cameraMode":{"drawMode":0,"name":"Shaded","section":"Shading Mode"},"sceneLighting":false,"audioPlay":false,"sceneViewState":{"showFog":true,"showMaterialUpdate":false,"showSkybox":false,"showFlares":true,"showImageEffects":true,"showParticleSystems":true},"in2DMode":false,"pivot":{"x":-0.49937188625335696,"y":1.2833284139633179,"z":-1.7767233848571778},"rotation":{"x":0.0023088667076081039,"y":-0.9972906112670898,"z":0.06472375988960266,"w":0.03533877059817314},"size":2.1238372325897219,"orthographic":false}