{"cameraMode":{"drawMode":0,"name":"Shaded","section":"Shading Mode"},"sceneLighting":false,"audioPlay":false,"sceneViewState":{"showFog":true,"showMaterialUpdate":false,"showSkybox":false,"showFlares":true,"showImageEffects":true,"showParticleSystems":true},"in2DMode":false,"pivot":{"x":1.740429401397705,"y":1.0166946649551392,"z":-7.596129894256592},"rotation":{"x":0.0013611833564937115,"y":0.9948080778121948,"z":-0.01343056745827198,"w":0.1009019985795021},"size":4.800017356872559,"orthographic":false}