{"cameraMode":{"drawMode":0,"name":"Shaded","section":"Shading Mode"},"sceneLighting":false,"audioPlay":false,"sceneViewState":{"showFog":true,"showMaterialUpdate":false,"showSkybox":false,"showFlares":true,"showImageEffects":true,"showParticleSystems":true},"in2DMode":false,"pivot":{"x":-0.1435631364583969,"y":1.3114447593688965,"z":-0.34374889731407168},"rotation":{"x":0.004712297115474939,"y":0.9741911292076111,"z":-0.22482411563396455,"w":0.020449217408895494},"size":1.8249223232269288,"orthographic":false}