{"cameraMode":{"drawMode":0,"name":"Shaded","section":"Shading Mode"},"sceneLighting":false,"audioPlay":false,"sceneViewState":{"showFog":true,"showMaterialUpdate":false,"showSkybox":false,"showFlares":true,"showImageEffects":true,"showParticleSystems":true},"in2DMode":false,"pivot":{"x":1.3603458404541016,"y":-62.559295654296878,"z":25.756820678710939},"rotation":{"x":0.5448317527770996,"y":-0.01635177619755268,"z":0.010630100965499878,"w":0.8383237719535828},"size":43.56059265136719,"orthographic":false}