{"cameraMode":{"drawMode":0,"name":"Shaded","section":"Shading Mode"},"sceneLighting":false,"audioPlay":false,"sceneViewState":{"showFog":true,"showMaterialUpdate":false,"showSkybox":false,"showFlares":true,"showImageEffects":true,"showParticleSystems":true},"in2DMode":false,"pivot":{"x":0.2723720967769623,"y":-0.4117622673511505,"z":8.704028129577637},"rotation":{"x":0.025802910327911378,"y":0.01830357126891613,"z":-0.0004767669888678938,"w":0.9995113611221314},"size":5.100017547607422,"orthographic":false}