{"cameraMode":{"drawMode":0,"name":"Shaded","section":"Shading Mode"},"sceneLighting":false,"audioPlay":false,"sceneViewState":{"showFog":true,"showMaterialUpdate":false,"showSkybox":false,"showFlares":true,"showImageEffects":true,"showParticleSystems":true},"in2DMode":false,"pivot":{"x":-0.4523240327835083,"y":0.470318078994751,"z":-2.25126576423645},"rotation":{"x":-0.021754693239927293,"y":0.9779731035232544,"z":-0.13463708758354188,"w":-0.1580243706703186},"size":2.0699024200439455,"orthographic":false}