{"cameraMode":{"drawMode":0,"name":"Shaded","section":"Shading Mode"},"sceneLighting":false,"audioPlay":false,"sceneViewState":{"showFog":true,"showMaterialUpdate":false,"showSkybox":false,"showFlares":true,"showImageEffects":true,"showParticleSystems":true},"in2DMode":false,"pivot":{"x":0.0691440999507904,"y":1.4655930995941163,"z":-0.8891863822937012},"rotation":{"x":0.005330677609890699,"y":-0.9902966618537903,"z":0.1333070993423462,"w":0.039554256945848468},"size":1.2761684656143189,"orthographic":false}