{"cameraMode":{"drawMode":0,"name":"Shaded","section":"Shading Mode"},"sceneLighting":false,"audioPlay":false,"sceneViewState":{"showFog":true,"showMaterialUpdate":false,"showSkybox":false,"showFlares":true,"showImageEffects":true,"showParticleSystems":true},"in2DMode":false,"pivot":{"x":1.3298540115356446,"y":2.6442346572875978,"z":-1.5790486335754395},"rotation":{"x":-0.14090467989444734,"y":-0.4373032748699188,"z":0.0696028470993042,"w":-0.885497510433197},"size":6.607396125793457,"orthographic":false}