{"cameraMode":{"drawMode":0,"name":"Shaded","section":"Shading Mode"},"sceneLighting":false,"audioPlay":false,"sceneViewState":{"showFog":true,"showMaterialUpdate":false,"showSkybox":false,"showFlares":true,"showImageEffects":true,"showParticleSystems":true},"in2DMode":false,"pivot":{"x":0.000056743621826171875,"y":1.1153826713562012,"z":-0.23911094665527345},"rotation":{"x":0.00002306707938259933,"y":-0.999893307685852,"z":0.00030900727142579854,"w":0.01592104323208332},"size":1.8238372802734376,"orthographic":false}