{"cameraMode":{"drawMode":0,"name":"Shaded","section":"Shading Mode"},"sceneLighting":false,"audioPlay":false,"sceneViewState":{"showFog":true,"showMaterialUpdate":false,"showSkybox":false,"showFlares":true,"showImageEffects":true,"showParticleSystems":true},"in2DMode":false,"pivot":{"x":9.473427772521973,"y":-1.0644925832748414,"z":6.162448883056641},"rotation":{"x":0.1303595006465912,"y":0.03450525924563408,"z":-0.004540681838989258,"w":0.9908656477928162},"size":6.128643035888672,"orthographic":false}