{"cameraMode":{"drawMode":0,"name":"Shaded","section":"Shading Mode"},"sceneLighting":false,"audioPlay":false,"sceneViewState":{"showFog":true,"showMaterialUpdate":false,"showSkybox":false,"showFlares":true,"showImageEffects":true,"showParticleSystems":true},"in2DMode":false,"pivot":{"x":8.537206649780274,"y":-3.1769261360168459,"z":5.881002426147461},"rotation":{"x":0.2618795335292816,"y":0.1541425883769989,"z":-0.042413897812366489,"w":0.95179283618927},"size":8.893043518066407,"orthographic":false}