{"cameraMode":{"drawMode":0,"name":"Shaded","section":"Shading Mode"},"sceneLighting":false,"audioPlay":false,"sceneViewState":{"showFog":true,"showMaterialUpdate":false,"showSkybox":false,"showFlares":true,"showImageEffects":true,"showParticleSystems":true},"in2DMode":false,"pivot":{"x":-0.1926865577697754,"y":5.175363540649414,"z":-0.702019214630127},"rotation":{"x":-0.016110382974147798,"y":-0.9718884825706482,"z":0.22429300844669343,"w":-0.06981243193149567},"size":1.3043010234832764,"orthographic":false}