{"cameraMode":{"drawMode":0,"name":"Shaded","section":"Shading Mode"},"sceneLighting":false,"audioPlay":false,"sceneViewState":{"showFog":true,"showMaterialUpdate":false,"showSkybox":false,"showFlares":true,"showImageEffects":true,"showParticleSystems":true},"in2DMode":false,"pivot":{"x":-0.43542909622192385,"y":0.9519999027252197,"z":4.700007438659668},"rotation":{"x":0.0015742768300697208,"y":-0.996710479259491,"z":0.019745726138353349,"w":0.07882555574178696},"size":5.478559970855713,"orthographic":false}