{"cameraMode":{"drawMode":0,"name":"Shaded","section":"Shading Mode"},"sceneLighting":false,"audioPlay":false,"sceneViewState":{"showFog":true,"showMaterialUpdate":false,"showSkybox":false,"showFlares":true,"showImageEffects":true,"showParticleSystems":true},"in2DMode":false,"pivot":{"x":1.5464544296264649,"y":-0.2203385829925537,"z":0.3318471908569336},"rotation":{"x":-0.016110382974147798,"y":-0.9718884825706482,"z":0.22429300844669343,"w":-0.06981243193149567},"size":2.700017213821411,"orthographic":false}