{"cameraMode":{"drawMode":0,"name":"Shaded","section":"Shading Mode"},"sceneLighting":false,"audioPlay":false,"sceneViewState":{"showFog":true,"showMaterialUpdate":false,"showSkybox":false,"showFlares":true,"showImageEffects":true,"showParticleSystems":true},"in2DMode":false,"pivot":{"x":-0.09000000357627869,"y":-0.9100000262260437,"z":-0.019999997690320016},"rotation":{"x":0.018350787460803987,"y":-0.9628491997718811,"z":-0.06769149005413056,"w":-0.26086390018463137},"size":0.12505888938903809,"orthographic":false}