{"cameraMode":{"drawMode":0,"name":"Shaded","section":"Shading Mode"},"sceneLighting":false,"audioPlay":false,"sceneViewState":{"showFog":true,"showMaterialUpdate":false,"showSkybox":false,"showFlares":true,"showImageEffects":true,"showParticleSystems":true},"in2DMode":false,"pivot":{"x":-3.304880142211914,"y":0.2525390386581421,"z":0.24456530809402467},"rotation":{"x":0.04954575002193451,"y":-0.6807237267494202,"z":0.04622173681855202,"w":0.7294254302978516},"size":4.500017166137695,"orthographic":false}