{"cameraMode":{"drawMode":0,"name":"Shaded","section":"Shading Mode"},"sceneLighting":false,"audioPlay":false,"sceneViewState":{"showFog":true,"showMaterialUpdate":false,"showSkybox":false,"showFlares":true,"showImageEffects":true,"showParticleSystems":true},"in2DMode":false,"pivot":{"x":-0.14300000667572022,"y":1.0269999504089356,"z":2.8065345287323},"rotation":{"x":-0.14090467989444734,"y":-0.4373032748699188,"z":0.0696028470993042,"w":-0.885497510433197},"size":5.820425033569336,"orthographic":false}