{"cameraMode":{"drawMode":0,"name":"Shaded","section":"Shading Mode"},"sceneLighting":false,"audioPlay":false,"sceneViewState":{"showFog":true,"showMaterialUpdate":false,"showSkybox":false,"showFlares":true,"showImageEffects":true,"showParticleSystems":true},"in2DMode":false,"pivot":{"x":0.5074576139450073,"y":-0.8048233985900879,"z":0.2651348114013672},"rotation":{"x":-0.022518757730722429,"y":0.9737768769264221,"z":-0.197201207280159,"w":-0.11119731515645981},"size":2.700017213821411,"orthographic":false}