{"cameraMode":{"drawMode":0,"name":"Shaded","section":"Shading Mode"},"sceneLighting":false,"audioPlay":false,"sceneViewState":{"showFog":true,"showMaterialUpdate":false,"showSkybox":false,"showFlares":true,"showImageEffects":true,"showParticleSystems":true},"in2DMode":false,"pivot":{"x":-5.783331394195557,"y":0.9033002853393555,"z":0.25665345788002016},"rotation":{"x":0.04040425643324852,"y":0.703825831413269,"z":0.04016252979636192,"w":-0.708088755607605},"size":3.3000171184539797,"orthographic":false}