{"cameraMode":{"drawMode":0,"name":"Shaded","section":"Shading Mode"},"sceneLighting":false,"audioPlay":false,"sceneViewState":{"showFog":true,"showMaterialUpdate":false,"showSkybox":false,"showFlares":true,"showImageEffects":true,"showParticleSystems":true},"in2DMode":false,"pivot":{"x":-0.4530673921108246,"y":1.826573371887207,"z":-5.683897018432617},"rotation":{"x":-0.00040587596595287323,"y":0.9995617270469666,"z":-0.016494257375597955,"w":-0.024596115574240686},"size":4.540065765380859,"orthographic":false}