{"cameraMode":{"drawMode":0,"name":"Shaded","section":"Shading Mode"},"sceneLighting":false,"audioPlay":false,"sceneViewState":{"showFog":true,"showMaterialUpdate":false,"showSkybox":false,"showFlares":true,"showImageEffects":true,"showParticleSystems":true},"in2DMode":false,"pivot":{"x":-0.24027764797210694,"y":0.7581105828285217,"z":-0.3472694754600525},"rotation":{"x":0.013299827463924885,"y":-0.9723714590072632,"z":0.22594119608402253,"w":0.05723315104842186},"size":1.2144949436187745,"orthographic":false}