{"cameraMode":{"drawMode":0,"name":"Shaded","section":"Shading Mode"},"sceneLighting":false,"audioPlay":false,"sceneViewState":{"showFog":true,"showMaterialUpdate":false,"showSkybox":false,"showFlares":true,"showImageEffects":true,"showParticleSystems":true},"in2DMode":false,"pivot":{"x":-0.022188663482666017,"y":0.5016629695892334,"z":-0.250319242477417},"rotation":{"x":-0.016110382974147798,"y":-0.9718884825706482,"z":0.22429300844669343,"w":-0.06981243193149567},"size":1.7999999523162842,"orthographic":false}