{"cameraMode":{"drawMode":0,"name":"Shaded","section":"Shading Mode"},"sceneLighting":false,"audioPlay":false,"sceneViewState":{"showFog":true,"showMaterialUpdate":false,"showSkybox":false,"showFlares":true,"showImageEffects":true,"showParticleSystems":true},"in2DMode":false,"pivot":{"x":0.10551261901855469,"y":0.24039602279663087,"z":-2.9206600189208986},"rotation":{"x":0.004637496545910835,"y":-0.9711560606956482,"z":0.23765787482261659,"w":0.01894899271428585},"size":2.2064919471740724,"orthographic":false}