{"cameraMode":{"drawMode":0,"name":"Shaded","section":"Shading Mode"},"sceneLighting":false,"audioPlay":false,"sceneViewState":{"showFog":true,"showMaterialUpdate":false,"showSkybox":false,"showFlares":true,"showImageEffects":true,"showParticleSystems":true},"in2DMode":false,"pivot":{"x":13.631775856018067,"y":-16.333425521850587,"z":36.948429107666019},"rotation":{"x":0.23079468309879304,"y":0.15106531977653504,"z":-0.036298368126153949,"w":0.9605251550674439},"size":32.70296096801758,"orthographic":false}