{"cameraMode":{"drawMode":0,"name":"Shaded","section":"Shading Mode"},"sceneLighting":false,"audioPlay":false,"sceneViewState":{"showFog":true,"showMaterialUpdate":false,"showSkybox":false,"showFlares":true,"showImageEffects":true,"showParticleSystems":true},"in2DMode":false,"pivot":{"x":6.163311958312988,"y":0.4111449718475342,"z":0.2636464238166809},"rotation":{"x":0.09635923057794571,"y":-0.6752716898918152,"z":0.08965644985437393,"w":0.7257431149482727},"size":1.629542350769043,"orthographic":false}