{"cameraMode":{"drawMode":0,"name":"Shaded","section":"Shading Mode"},"sceneLighting":false,"audioPlay":false,"sceneViewState":{"showFog":true,"showMaterialUpdate":false,"showSkybox":false,"showFlares":true,"showImageEffects":true,"showParticleSystems":true},"in2DMode":false,"pivot":{"x":-33.85492706298828,"y":-38.60170364379883,"z":564.0132446289063},"rotation":{"x":0.033297501504421237,"y":-0.019177662208676339,"z":0.0006448224885389209,"w":0.9992725849151611},"size":301.45977783203127,"orthographic":false}