{"cameraMode":{"drawMode":0,"name":"Shaded","section":"Shading Mode"},"sceneLighting":false,"audioPlay":false,"sceneViewState":{"showFog":true,"showMaterialUpdate":false,"showSkybox":false,"showFlares":true,"showImageEffects":true,"showParticleSystems":true},"in2DMode":false,"pivot":{"x":-6.841905117034912,"y":-2.562105655670166,"z":-9.119574546813965},"rotation":{"x":-0.04708152636885643,"y":0.940748393535614,"z":-0.14650867879390717,"w":-0.3022410273551941},"size":8.438841819763184,"orthographic":false}