{"cameraMode":{"drawMode":0,"name":"Shaded","section":"Shading Mode"},"sceneLighting":false,"audioPlay":false,"sceneViewState":{"showFog":true,"showMaterialUpdate":false,"showSkybox":false,"showFlares":true,"showImageEffects":true,"showParticleSystems":true},"in2DMode":false,"pivot":{"x":-73.1180419921875,"y":9.018428802490235,"z":-29.61172866821289},"rotation":{"x":-0.034384991973638538,"y":0.9275304675102234,"z":-0.08820236474275589,"w":-0.36156928539276125},"size":77.53958129882813,"orthographic":false}