{"cameraMode":{"drawMode":0,"name":"Shaded","section":"Shading Mode"},"sceneLighting":false,"audioPlay":false,"sceneViewState":{"showFog":true,"showMaterialUpdate":false,"showSkybox":false,"showFlares":true,"showImageEffects":true,"showParticleSystems":true},"in2DMode":false,"pivot":{"x":0.10888001322746277,"y":1.9563324451446534,"z":-0.40110740065574648},"rotation":{"x":-0.016110382974147798,"y":-0.9718884825706482,"z":0.22429300844669343,"w":-0.06981243193149567},"size":0.6406344175338745,"orthographic":false}