{"cameraMode":{"drawMode":0,"name":"Shaded","section":"Shading Mode"},"sceneLighting":false,"audioPlay":false,"sceneViewState":{"showFog":true,"showMaterialUpdate":false,"showSkybox":false,"showFlares":true,"showImageEffects":true,"showParticleSystems":true},"in2DMode":false,"pivot":{"x":-9.177053451538086,"y":-22.921894073486329,"z":64.66446685791016},"rotation":{"x":0.1715237945318222,"y":-0.06939675658941269,"z":0.012115507386624813,"w":0.9826627969741821},"size":53.41122055053711,"orthographic":false}