{"cameraMode":{"drawMode":0,"name":"Shaded","section":"Shading Mode"},"sceneLighting":false,"audioPlay":false,"sceneViewState":{"showFog":true,"showMaterialUpdate":true,"showSkybox":true,"showFlares":true,"showImageEffects":true,"showParticleSystems":true},"in2DMode":false,"pivot":{"x":-0.2551596164703369,"y":1.6536824703216553,"z":-0.5991001129150391},"rotation":{"x":-0.00272871064953506,"y":-0.9960464239120483,"z":-0.031067606061697007,"w":0.08397720009088516},"size":1.0779504776000977,"orthographic":false}