{"cameraMode":{"drawMode":0,"name":"Shaded","section":"Shading Mode"},"sceneLighting":false,"audioPlay":false,"sceneViewState":{"showFog":true,"showMaterialUpdate":false,"showSkybox":false,"showFlares":true,"showImageEffects":true,"showParticleSystems":true},"in2DMode":false,"pivot":{"x":383.44256591796877,"y":195.74180603027345,"z":10.759872436523438},"rotation":{"x":-0.000801210873760283,"y":-0.998216450214386,"z":-0.05815232917666435,"w":0.013767962343990803},"size":77.57290649414063,"orthographic":false}