{"cameraMode":{"drawMode":0,"name":"Shaded","section":"Shading Mode"},"sceneLighting":false,"audioPlay":false,"sceneViewState":{"showFog":true,"showMaterialUpdate":false,"showSkybox":false,"showFlares":true,"showImageEffects":true,"showParticleSystems":true},"in2DMode":false,"pivot":{"x":0.14798584580421449,"y":0.32445406913757326,"z":-0.12349939346313477},"rotation":{"x":-0.002543118316680193,"y":-0.9801005125045776,"z":0.19816510379314423,"w":-0.012604638002812863},"size":3.8889377117156984,"orthographic":false}