{"cameraMode":{"drawMode":0,"name":"Shaded","section":"Shading Mode"},"sceneLighting":false,"audioPlay":false,"sceneViewState":{"showFog":true,"showMaterialUpdate":false,"showSkybox":false,"showFlares":true,"showImageEffects":true,"showParticleSystems":true},"in2DMode":false,"pivot":{"x":-0.15828892588615418,"y":-0.637488603591919,"z":-0.2134568691253662},"rotation":{"x":-0.003673853352665901,"y":-0.9827967286109924,"z":0.18372666835784913,"w":-0.01973864622414112},"size":0.725058913230896,"orthographic":false}