{"cameraMode":{"drawMode":0,"name":"Shaded","section":"Shading Mode"},"sceneLighting":false,"audioPlay":false,"sceneViewState":{"showFog":true,"showMaterialUpdate":false,"showSkybox":false,"showFlares":true,"showImageEffects":true,"showParticleSystems":true},"in2DMode":false,"pivot":{"x":-0.00038359686732292175,"y":0.009972840547561646,"z":0.0031775799579918386},"rotation":{"x":-0.15334321558475495,"y":-0.846084713935852,"z":0.34365060925483706,"w":-0.3775429129600525},"size":0.0042343041859567169,"orthographic":false}