{"cameraMode":{"drawMode":0,"name":"Shaded","section":"Shading Mode"},"sceneLighting":false,"audioPlay":false,"sceneViewState":{"showFog":true,"showMaterialUpdate":false,"showSkybox":false,"showFlares":true,"showImageEffects":true,"showParticleSystems":true},"in2DMode":false,"pivot":{"x":-1.6796550750732422,"y":2.352853536605835,"z":-4.294893264770508},"rotation":{"x":-0.008559376932680607,"y":-0.9890226721763611,"z":0.1331363022327423,"w":-0.06359104812145233},"size":3.6540112495422365,"orthographic":false}