{"cameraMode":{"drawMode":0,"name":"Shaded","section":"Shading Mode"},"sceneLighting":true,"audioPlay":false,"sceneViewState":{"m_AlwaysRefresh":false,"showFog":true,"showSkybox":true,"showFlares":true,"showImageEffects":true,"showParticleSystems":true,"showVisualEffectGraphs":true,"m_FxEnabled":true},"in2DMode":false,"pivot":{"x":1.5613064765930176,"y":-3.2884507179260256,"z":-1.214691162109375},"rotation":{"x":-0.03885028511285782,"y":0.9591262936592102,"z":-0.22741739451885224,"w":-0.16384989023208619},"size":6.307492733001709,"orthographic":false}