{"cameraMode":{"drawMode":0,"name":"Shaded","section":"Shading Mode"},"sceneLighting":true,"audioPlay":false,"sceneViewState":{"m_AlwaysRefresh":false,"showFog":true,"showSkybox":true,"showFlares":true,"showImageEffects":true,"showParticleSystems":true,"showVisualEffectGraphs":true,"m_FxEnabled":true},"in2DMode":false,"pivot":{"x":6.401554107666016,"y":-0.5157163143157959,"z":-4.395151138305664},"rotation":{"x":-0.03885028511285782,"y":0.9591262936592102,"z":-0.22741739451885224,"w":-0.16384989023208619},"size":3.2985284328460695,"orthographic":false}