{"cameraMode":{"drawMode":0,"name":"Shaded","section":"Shading Mode"},"sceneLighting":false,"audioPlay":false,"sceneViewState":{"m_AlwaysRefresh":false,"showFog":true,"showSkybox":false,"showFlares":true,"showImageEffects":true,"showParticleSystems":true,"showVisualEffectGraphs":true,"m_FxEnabled":true},"in2DMode":false,"pivot":{"x":-1.9615541696548463,"y":-0.29358017444610598,"z":2.860236644744873},"rotation":{"x":0.09017907083034516,"y":-0.013134931214153767,"z":0.001190314069390297,"w":0.9958419799804688},"size":6.597959518432617,"orthographic":false}