{"cameraMode":{"drawMode":0,"name":"Shaded","section":"Shading Mode"},"sceneLighting":false,"audioPlay":false,"sceneViewState":{"m_AlwaysRefresh":false,"showFog":true,"showSkybox":false,"showFlares":true,"showImageEffects":true,"showParticleSystems":true,"showVisualEffectGraphs":true,"m_FxEnabled":true},"in2DMode":false,"pivot":{"x":5.911855697631836,"y":-0.8384085893630981,"z":-2.8248484134674074},"rotation":{"x":-0.0030450548510998489,"y":0.9729369878768921,"z":-0.2306920289993286,"w":-0.012842483818531037},"size":3.5542492866516115,"orthographic":false}