{"cameraMode":{"drawMode":0,"name":"Shaded","section":"Shading Mode"},"sceneLighting":false,"audioPlay":false,"sceneViewState":{"m_AlwaysRefresh":false,"showFog":true,"showSkybox":false,"showFlares":true,"showImageEffects":true,"showParticleSystems":true,"showVisualEffectGraphs":true,"m_FxEnabled":true},"in2DMode":false,"pivot":{"x":510.66180419921877,"y":369.304443359375,"z":698.9940185546875},"rotation":{"x":-0.00030905293533578515,"y":-0.011717652902007103,"z":0.0000030909402539691657,"w":-0.9999337196350098},"size":559.1487426757813,"orthographic":false}