{"cameraMode":{"drawMode":0,"name":"Shaded","section":"Shading Mode"},"sceneLighting":false,"audioPlay":false,"sceneViewState":{"m_AlwaysRefresh":false,"showFog":true,"showSkybox":false,"showFlares":true,"showImageEffects":true,"showParticleSystems":true,"showVisualEffectGraphs":true,"m_FxEnabled":true},"in2DMode":false,"pivot":{"x":0.08075809478759766,"y":0.6392791271209717,"z":0.8680295944213867},"rotation":{"x":-0.02007889933884144,"y":0.9776013493537903,"z":-0.17820636928081513,"w":-0.11014863103628159},"size":1.610046148300171,"orthographic":false}