{"cameraMode":{"drawMode":0,"name":"Shaded","section":"Shading Mode"},"sceneLighting":false,"audioPlay":false,"sceneViewState":{"m_AlwaysRefresh":false,"showFog":true,"showSkybox":false,"showFlares":true,"showImageEffects":true,"showParticleSystems":true,"showVisualEffectGraphs":true,"m_FxEnabled":true},"in2DMode":false,"pivot":{"x":18.450180053710939,"y":-6.124311447143555,"z":57.92943572998047},"rotation":{"x":0.10467291623353958,"y":0.09117503464221955,"z":-0.009641597978770733,"w":0.9902827143669128},"size":86.93312072753906,"orthographic":false}