{"cameraMode":{"drawMode":0,"name":"Shaded","section":"Shading Mode"},"sceneLighting":false,"audioPlay":false,"sceneViewState":{"m_AlwaysRefresh":false,"showFog":true,"showSkybox":false,"showFlares":true,"showImageEffects":true,"showParticleSystems":true,"showVisualEffectGraphs":true,"m_FxEnabled":true},"in2DMode":false,"pivot":{"x":0.14127671718597413,"y":1.3857183456420899,"z":-0.2445390224456787},"rotation":{"x":-0.06698434799909592,"y":-0.15029698610305787,"z":0.01020739320665598,"w":-0.9863269925117493},"size":1.58853280544281,"orthographic":false}