{"cameraMode":{"drawMode":0,"name":"Shaded","section":"Shading Mode"},"sceneLighting":false,"audioPlay":false,"sceneViewState":{"m_AlwaysRefresh":false,"showFog":true,"showSkybox":false,"showFlares":true,"showImageEffects":true,"showParticleSystems":true,"showVisualEffectGraphs":true,"m_FxEnabled":true},"in2DMode":false,"pivot":{"x":-0.18373386561870576,"y":-0.0033894777297973634,"z":-2.201301336288452},"rotation":{"x":-0.0007124648545868695,"y":0.9716192483901978,"z":-0.23654544353485108,"w":-0.0029289124067872764},"size":2.2965729236602785,"orthographic":false}