{"cameraMode":{"drawMode":0,"name":"Shaded","section":"Shading Mode"},"sceneLighting":false,"audioPlay":false,"sceneViewState":{"m_AlwaysRefresh":false,"showFog":true,"showSkybox":false,"showFlares":true,"showImageEffects":true,"showParticleSystems":true,"showVisualEffectGraphs":true,"m_FxEnabled":true},"in2DMode":false,"pivot":{"x":-0.18032896518707276,"y":-0.25793445110321047,"z":-0.07870599627494812},"rotation":{"x":-0.2393198013305664,"y":0.03345873951911926,"z":-0.008256004191935063,"w":-0.970341682434082},"size":2.0011544227600099,"orthographic":false}