{"cameraMode":{"drawMode":0,"name":"Shaded","section":"Shading Mode"},"sceneLighting":false,"audioPlay":false,"sceneViewState":{"m_AlwaysRefresh":false,"showFog":true,"showSkybox":false,"showFlares":true,"showImageEffects":true,"showParticleSystems":true,"showVisualEffectGraphs":true,"m_FxEnabled":true},"in2DMode":false,"pivot":{"x":0.03249233961105347,"y":0.02254962921142578,"z":0.4114196300506592},"rotation":{"x":-0.23574866354465486,"y":0.38398876786231997,"z":-0.10207083821296692,"w":-0.886882483959198},"size":2.84230375289917,"orthographic":false}