{"cameraMode":{"drawMode":0,"name":"Shaded","section":"Shading Mode"},"sceneLighting":false,"audioPlay":false,"sceneViewState":{"m_AlwaysRefresh":false,"showFog":true,"showSkybox":false,"showFlares":true,"showImageEffects":true,"showParticleSystems":true,"showVisualEffectGraphs":true,"m_FxEnabled":true},"in2DMode":false,"pivot":{"x":6.478604316711426,"y":0.185288667678833,"z":-0.020374298095703126},"rotation":{"x":-0.20419417321681977,"y":0.039603445678949359,"z":-0.008269925601780415,"w":-0.9781063199043274},"size":2.1649675369262697,"orthographic":false}