{"cameraMode":{"drawMode":0,"name":"Shaded","section":"Shading Mode"},"sceneLighting":false,"audioPlay":false,"sceneViewState":{"m_AlwaysRefresh":false,"showFog":true,"showSkybox":false,"showFlares":true,"showImageEffects":true,"showParticleSystems":true,"showVisualEffectGraphs":true,"m_FxEnabled":true},"in2DMode":false,"pivot":{"x":-0.3015413284301758,"y":-0.02617025375366211,"z":0.012040853500366211},"rotation":{"x":-0.05573621019721031,"y":0.9434188604354858,"z":-0.25077736377716067,"w":-0.20967836678028108},"size":0.5464674234390259,"orthographic":false}