{"cameraMode":{"drawMode":0,"name":"Shaded","section":"Shading Mode"},"sceneLighting":false,"audioPlay":false,"sceneViewState":{"m_AlwaysRefresh":false,"showFog":true,"showSkybox":false,"showFlares":true,"showImageEffects":true,"showParticleSystems":true,"showVisualEffectGraphs":true,"m_FxEnabled":true},"in2DMode":false,"pivot":{"x":0.20261478424072267,"y":0.2481013536453247,"z":0.039266109466552737},"rotation":{"x":-0.0767337754368782,"y":0.002091238973662257,"z":-0.00016095851606223732,"w":-0.9970479607582092},"size":1.032751441001892,"orthographic":false}