{"cameraMode":{"drawMode":0,"name":"Shaded","section":"Shading Mode"},"sceneLighting":false,"audioPlay":false,"sceneViewState":{"m_AlwaysRefresh":false,"showFog":true,"showSkybox":false,"showFlares":true,"showImageEffects":true,"showParticleSystems":true,"showVisualEffectGraphs":true,"m_FxEnabled":true},"in2DMode":false,"pivot":{"x":-0.7609066963195801,"y":-10.829687118530274,"z":52.90996551513672},"rotation":{"x":-0.13040389120578767,"y":0.022586248815059663,"z":-0.0029752617701888086,"w":-0.9912140965461731},"size":35.243465423583987,"orthographic":false}