{"cameraMode":{"drawMode":0,"name":"Shaded","section":"Shading Mode"},"sceneLighting":false,"audioPlay":false,"sceneViewState":{"m_AlwaysRefresh":false,"showFog":true,"showSkybox":false,"showFlares":true,"showImageEffects":true,"showParticleSystems":true,"showVisualEffectGraphs":true,"m_FxEnabled":true},"in2DMode":false,"pivot":{"x":8.008567810058594,"y":-7.38609504699707,"z":41.46501159667969},"rotation":{"x":-0.11098417639732361,"y":-0.041448116302490237,"z":0.0046272967010736469,"w":-0.9929623603820801},"size":30.141555786132814,"orthographic":false}